{
  "project_info": {
    "project_number": "955525963795",
    "firebase_url": "https://actearly-mitacs-default-rtdb.firebaseio.com",
    "project_id": "actearly-mitacs",
    "storage_bucket": "actearly-mitacs.appspot.com"
  },
  "client": [
    {
      "client_info": {
        "mobilesdk_app_id": "1:955525963795:android:1789cc6209a936071a1fe6",
        "android_client_info": {
          "package_name": "com.mycompany.actearly"
        }
      },
      "oauth_client": [
        {
          "client_id": "955525963795-b2c141djtg8gq6665vc8ofl7ioj97oej.apps.googleusercontent.com",
          "client_type": 1,
          "android_info": {
            "package_name": "com.mycompany.actearly",
            "certificate_hash": "c02b32f1ac35686bd627facb8eb599b24cf5c425"
          }
        },
        {
          "client_id": "955525963795-iajfdijllhb1ljooopdukue0psl19p8n.apps.googleusercontent.com",
          "client_type": 1,
          "android_info": {
            "package_name": "com.mycompany.actearly",
            "certificate_hash": "90ea7b20b2226ebf506d90d240ee8f1843a3665e"
          }
        },
        {
          "client_id": "955525963795-lstttriogfj1691fbciq0sot7svblmo9.apps.googleusercontent.com",
          "client_type": 1,
          "android_info": {
            "package_name": "com.mycompany.actearly",
            "certificate_hash": "0cef8deb70ec07794e598650a0145a5149e4d366"
          }
        },
        {
          "client_id": "955525963795-mfdcqns2dfr12gjfpenohb7e59uaa3vo.apps.googleusercontent.com",
          "client_type": 1,
          "android_info": {
            "package_name": "com.mycompany.actearly",
            "certificate_hash": "992b1f0bc8efbbff0b8c8cb2f6d8f087adbcb1d9"
          }
        },
        {
          "client_id": "955525963795-o92vtd7cv6ms9o3gpgpmvgd2gku25e57.apps.googleusercontent.com",
          "client_type": 1,
          "android_info": {
            "package_name": "com.mycompany.actearly",
            "certificate_hash": "ab033b876cb417090bdcacc626f3e88e02a21622"
          }
        },
        {
          "client_id": "955525963795-r76p90cto5k222orapcjc98ma4qdad8h.apps.googleusercontent.com",
          "client_type": 1,
          "android_info": {
            "package_name": "com.mycompany.actearly",
            "certificate_hash": "26ff9d1bd34b02a8172df6b3339f5aa6db8b6a29"
          }
        },
        {
          "client_id": "955525963795-r9h54cbab15ta8tqfr30nepc733b5ffd.apps.googleusercontent.com",
          "client_type": 1,
          "android_info": {
            "package_name": "com.mycompany.actearly",
            "certificate_hash": "5d371e3c12201048d38122f12b3836b9e329647e"
          }
        },
        {
          "client_id": "955525963795-a09ava8o5q2mjbrkktg30sgamac70f7e.apps.googleusercontent.com",
          "client_type": 3
        }
      ],
      "api_key": [
        {
          "current_key": "AIzaSyAZL0x9p88YzpMvR_srvFd3zgTCttOMpUo"
        }
      ],
      "services": {
        "appinvite_service": {
          "other_platform_oauth_client": [
            {
              "client_id": "955525963795-6f7k0tpsuu3l0eld1jo6c1oaqoid3237.apps.googleusercontent.com",
              "client_type": 3
            },
            {
              "client_id": "955525963795-lmjhs6plvecfc3lb6goqcvkgsgbe0k7j.apps.googleusercontent.com",
              "client_type": 2,
              "ios_info": {
                "bundle_id": "com.mycompany.actearly"
              }
            }
          ]
        }
      }
    }
  ],
  "configuration_version": "1"
}